1,1030201025,30040001,201025,บ้านกุดจิก(รัชชุศิริอนุกูล),bankutchik(rajchusiriarnukul),นายประสิทธิ์ ขันโคกกรวด,ประถมศึกษา,,หมู่ 1 กุดจิก,กุดจิก,สูงเนิน,นครราชสีมา,30380,sommit3353@gmail.com,http://school.obec.go.t,เทศบาลตำบลกุดจิก,044-419995,044-419995,2 มิถุนายน 2458,30,8,ขนาดเล็ก,มีไฟฟ้า,9,101,6,10 มิถุนายน 2562 เวลา 12:49:21 น.
2,1030201031,30040002,201031,บ้านสลักใด,Salakdai,นายศิริยศ คารวะบัญชา,อนุบาล-ประถมศึกษา,,หมู่ 3 สลักใด,กุดจิก,สูงเนิน,นครราชสีมา,30380,-,-,กุดจิก,044-335288,44335288,พ.ศ. 2502,40,8,ขนาดกลาง,มีไฟฟ้า,13,184,9,08 พฤษภาคม 2562 เวลา 09:51:44 น.
3,1030201024,30040003,201024,จตุรคามสามัคคี,CHATURAKAMSAMUKKEE,นายจักรพรรดิ เพชรเสนา,อนุบาล-ประถมศึกษา,,หมู่ 1 กุดจิก,กุดจิก,สูงเนิน,นครราชสีมา,30380,-,,เทศบาลตำบลกุดจิก,852221350,,วันที่ 18 เดือน มกราคม พ.ศ. 2481,32,15,ขนาดเล็ก,มีไฟฟ้า,9,98,9,24 ธันวาคม 2562 เวลา 10:24:38 น.
4,1030201029,30040004,201029,โค้งยางวิทยา,kongyangwittaya,นายกฤษณะ เนาว์วงษ์,อนุบาล-มัธยมศึกษาตอนต้น,,หมู่ 1 ตะคลองแล้ง,โค้งยาง,สูงเนิน,นครราชสีมา,30170,kongyangwittaya@hotmail.com,-,โค้งยาง,044-430584,-,6 กันยายน 2461,30,17,ขนาดกลาง,มีไฟฟ้า,14,162,11,17 ตุลาคม 2562 เวลา 14:17:05 น.
5,1030201047,30040008,201047,บ้านห้วยตะคร้อ,Banhuitakro,นายชลิต รัตนแสง,อนุบาล-ประถมศึกษา,,หมู่ 3 ห้วยตะคร้อ,นากลาง,สูงเนิน,นครราชสีมา,30380,-,sites.google.com /site/huitksc,นากลาง,044-430432,-,19/05/2518,30,13,ขนาดเล็ก,มีไฟฟ้า,6,33,4,01 พฤศจิกายน 2562 เวลา 15:38:05 น.
6,1030201040,30040009,201040,บ้านนากลาง,Bannaklang,นางวิระดา นาสูงเนิน,อนุบาล-มัธยมศึกษาตอนต้น,,หมู่ 8 บ้านนากลาง,นากลาง,สูงเนิน,นครราชสีมา,30380,-,-,อบต.นากลาง,044-335417,-,1 พฤษภาคม 2463,32,19,ขนาดกลาง,มีไฟฟ้า,21,241,11,17 ตุลาคม 2562 เวลา 21:56:54 น.
7,1030201041,30040010,201041,บ้านนาใหญ่(เสถียรราษฎร์รัฐผดุง),Bannayai School,นายประกอบ สอนใหม่,อนุบาล-ประถมศึกษา,,หมู่ 2 บ้านนาใหญ่,นากลาง,สูงเนิน,นครราชสีมา,30380,Bny.school@hotmail.com,www.thai-school.net/bnyschool,นากลาง,044-335473,-,1 สิงหาคม 2463,31,16.5,ขนาดกลาง,มีไฟฟ้า,8,127,8,08 พฤษภาคม 2562 เวลา 10:01:24 น.
8,1030201044,30040011,201044,บ้านหนองบอน,bannongbon,นางวชิราภรณ์ ดุุจจานุทัศน์,อนุบาล-ประถมศึกษา,,หมู่ 4 บ้านหนองบอน,นากลาง,สูงเนิน,นครราชสีมา,30380,-,www.nongbonschool.com,นากลาง,044-430431,-,13 ก.ค. 2509,29,10,ขนาดเล็ก,มีไฟฟ้า,6,28,8,23 ตุลาคม 2562 เวลา 11:15:00 น.
9,1030201030,30040012,201030,โนนค่าวิทยา,nonkawittaya,นายธรรมนูญ ชัยศัตรา,อนุบาล-มัธยมศึกษาตอนต้น,,หมู่ 3 บ้านโนนค่า,โนนค่า,สูงเนิน,นครราชสีมา,30170,nonkawittayaschool@gmail.com,-,โนนค่า,-,-,10/09/2458,35,15,ขนาดเล็ก,มีไฟฟ้า,14,101,11,09 มิถุนายน 2562 เวลา 13:55:14 น.
10,1030201026,30040013,201026,บ้านกุดปลาเข็งเหมืองลี่,Bankudplakeangmaunglee,นายกฤษฎา กัลปดี,อนุบาล-ประถมศึกษา,,หมู่ 1 บ้านกุดปลาเข็ง,โนนค่า,สูงเนิน,นครราชสีมา,30170,-,-,โนนค่า,044-430433,-,20/09/2500,35,15,ขนาดเล็ก,มีไฟฟ้า,8,77,8,14 มิถุนายน 2562 เวลา 08:04:38 น.
11,1030201027,30040014,201027,บ้านกุดหัวช้าง,บ้านกุดหัวช้าง,นายชาตรี ดวงแจ่มใส,อนุบาล-ประถมศึกษา,,หมู่ 8 หนองหอย,โนนค่า,สูงเนิน,นครราชสีมา,30170,kuthuachang.school@gmail.com,-,โนนค่า,817903177,-,24 พฤษภาคม 2482,45,17,ขนาดกลาง,มีไฟฟ้า,11,124,8,13 สิงหาคม 2562 เวลา 23:53:17 น.
12,1030201028,30040015,201028,บ้านโคกหินเหล็กไฟ,Bankhokhinlekfai,นายธีรศักดิ์ ตุดาลจิตติ,อนุบาล-ประถมศึกษา,,หมู่ 5 โคกกะพี้,โนนค่า,สูงเนิน,นครราชสีมา,30170,khokhinlekfai@hotmail.co.th,data.bopp-obec.info/web/?School_ID=1030201028,โนนค่า,044-430051,-,1 กันยายน 2500,45,21,ขนาดเล็ก,มีไฟฟ้า,8,82,8,14 มิถุนายน 2562 เวลา 22:26:37 น.
13,1030201033,30040016,201033,บ้านโคกมะกอก(ก.ร.ป.กลางอุปถัมภ์),kokmakok,นายวิรัช ติจันทึก,อนุบาล-มัธยมศึกษาตอนต้น,,หมู่ 11 โคกมะกอก,บุ่งขี้เหล็ก,สูงเนิน,นครราชสีมา,30170,krubankok@Gmail.com,-,บุ่งขี้เหล็ก,044-430586,-,26 ตุลาคม 2463,30,7.5,ขนาดกลาง,มีไฟฟ้า,16,126,11,24 ตุลาคม 2560 เวลา 11:48:44 น.
14,1030201037,30040018,201037,วัดกุดเวียน,Watkudvien,นางสาวกิตยา สมบูรณ์,อนุบาล-ประถมศึกษา,,หมู่ 6 กุดเวียน,บุ่งขี้เหล็ก,สูงเนิน,นครราชสีมา,30170,K.V.205@Korat-ed4.com,-,บุ่งขี้เหล็ก,-,-,1 กรกฎาคม 2458,45,8,ขนาดเล็ก,มีไฟฟ้า,6,38,9,05 มิถุนายน 2562 เวลา 14:10:48 น.
15,1030201038,30040019,201038,สันติวิทยา,Santiwitthaya,นายภรภัทร เกื้อฐิติพร,อนุบาล-ประถมศึกษา,,หมู่ 3 พลับ,บุ่งขี้เหล็ก,สูงเนิน,นครราชสีมา,30170,sunti.sungnoen@gmail.com,,บุ่งขี้เหล็ก,044-430671,-,1 กันยายน 2500,47,10,ขนาดเล็ก,มีไฟฟ้า,6,59,9,19 ตุลาคม 2562 เวลา 17:55:33 น.
16,1030201060,30040020,201060,บ้านห้วยไผ่,huaiphai,นางนงเยาว์ ศิริโสม,อนุบาล-ประถมศึกษา,,หมู่ 10 ห้วยไผ่,มะเกลือเก่า,สูงเนิน,นครราชสีมา,30170,huyphai@korat-ed4.com,http://data.bopp-obec.info/emis/editschooldata_admin.php?School_ID=1030201060&Area_CODE=3004,มะเกลือเก่า,044-430587,-,22 สิงหาคม 2522,45,35,ขนาดเล็ก,มีไฟฟ้า,8,64,8,05 พฤศจิกายน 2562 เวลา 13:20:41 น.
17,1030201072,30040021,201072,บ้านบุตาสง,Butasong,นายสมปอง ฐิติพัชรวงศ์,อนุบาล-ประถมศึกษา,,หมู่ 7 บุตาสง,มะเกลือเก่า,สูงเนิน,นครราชสีมา,30170,butasong@hotmail.com,-,มะเกลือเก่า,044-760885,044-760885,8 สิงหาคม 2510,35,30,ขนาดเล็ก,มีไฟฟ้า,11,96,8,14 มิถุนายน 2562 เวลา 09:57:38 น.
18,1030201073,30040022,201073,บ้านวังรางใหญ่,Banwangrangyai,นายสมศักดิ์ พึ่งจันดุม,อนุบาล-ประถมศึกษา,,หมู่ 6 วังรางใหญ่,มะเกลือเก่า,สูงเนิน,นครราชสีมา,30170,-,-,มะเกลือเก่า,044-498160,-,4 สิงหาคม 2510,35,25,ขนาดกลาง,มีไฟฟ้า,15,202,8,08 พฤษภาคม 2562 เวลา 09:57:40 น.
19,1030201074,30040023,201074,บ้านวังรางน้อย,BANWANGRANGNOY,นายคณิต เจียรกลาง,อนุบาล-ประถมศึกษา,,หมู่ 9 วังรางน้อย,มะเกลือเก่า,สูงเนิน,นครราชสีมา,30170,wangrangnoy@hotmail.com,-,มะเกลือเก่า,,-,2530,28,24,ขนาดกลาง,มีไฟฟ้า,13,206,8,19 ตุลาคม 2562 เวลา 11:42:58 น.
20,1030201075,30040024,201075,บ้านหนองม่วง,bannongmuang,นายวาด โปร่งสันเทียะ,อนุบาล-ประถมศึกษา,,หมู่ 5 บ้านหนองม่วง,มะเกลือเก่า,สูงเนิน,นครราชสีมา,30170,nongmuang.korat4@gmail.com,www.nongmoung.makluakorat4.com,มะเกลือเก่า,086-9071456,,20 มิถุนายน 2500,25,15,ขนาดกลาง,มีไฟฟ้า,15,172,8,18 ตุลาคม 2562 เวลา 16:06:01 น.
21,1030201076,30040025,201076,บ้านหนองไม้ตาย,BANNONGMAITAY,นางสุวพิชชา คนใจบุญ,อนุบาล-ประถมศึกษา,,หมู่ 4 หนองไม้ตาย,มะเกลือเก่า,สูงเนิน,นครราชสีมา,30170,-,-,มะเกลือเก่า,-,-,2509,20,18,ขนาดเล็ก,มีไฟฟ้า,6,71,8,24 ตุลาคม 2562 เวลา 11:43:44 น.
22,1030201077,30040026,201077,บ้านหนองเลา,Bannongrow,นางสาวปาณิสรา เปาวรางกูล,อนุบาล-ประถมศึกษา,,หมู่ 11 หนองเลาใหญ่,มะเกลือเก่า,สูงเนิน,นครราชสีมา,30170,sutthichai@korat-ed4.co,-,มะเกลือเก่า,952351492,-,09 ก.ย. 2525,42,32,ขนาดเล็ก,มีไฟฟ้า,7,76,8,24 มิถุนายน 2562 เวลา 14:42:25 น.
23,1030201051,30040027,201051,บ้านมะเกลือเก่า(ศาสนการบริรักษ์บำรุง),Maklueakao(Sasanakharnborirakbumrung) School,-,อนุบาล-ประถมศึกษา,,หมู่ 1 มะเกลือเก่า,มะเกลือเก่า,สูงเนิน,นครราชสีมา,30170,mkk_sn@hotmail.com,https://makhluakao.thai.ac/home/,มะเกลือเก่า,-817605216,-,2499,16,5,ขนาดเล็ก,มีไฟฟ้า,7,64,8,23 ตุลาคม 2562 เวลา 00:53:22 น.
24,1030201053,30040028,201053,บ้านไร่โคกสูง,Banraikoksung,นายชลทิศ แนวถาวร,อนุบาล-ประถมศึกษา,,หมู่ 3 โคกสูง,มะเกลือเก่า,สูงเนิน,นครราชสีมา,30170,rks - sn @ korat -ed 4.,-,มะเกลือเก่า,-,-,16/05/2480,15,7,ขนาดเล็ก,มีไฟฟ้า,5,22,7,11 กุมภาพันธ์ 2563 เวลา 14:51:41 น.
25,1030201057,30040029,201057,บ้านหนองเบน,Bannongben,นายประเสริฐ อิ่มสันเทียะ,อนุบาล-มัธยมศึกษาตอนต้น,,หมู่ 8 หนองเบน,มะเกลือเก่า,สูงเนิน,นครราชสีมา,30170,school193@gmail.com,www.bannhongben.th.gs,มะเกลือเก่า,982590086,-,15/07/2515,48,29,ขนาดกลาง,มีไฟฟ้า,20,252,11,09 มิถุนายน 2561 เวลา 20:52:00 น.
26,1030201048,30040030,201048,ชินวงศ์อุปถัมภ์,Chinnawong Oupratham,นางรุ่งอรุณ สุขวชิรเดชา,อนุบาล-มัธยมศึกษาตอนต้น,,หมู่ 6 วะภูแก้ว,มะเกลือใหม่,สูงเนิน,นครราชสีมา,30170,chinnawong99@gmail.com,www.chinnawong.ac.th,มะเกลือใหม่,044-082604,,2528,20,25,ขนาดกลาง,มีไฟฟ้า,19,263,11,20 ตุลาคม 2562 เวลา 21:21:11 น.
27,1030201050,30040032,201050,บ้านทุ่งสะแบง,bantungsabang,นายมานพ ทรวงทองหลาง,อนุบาล-ประถมศึกษา,,หมู่ 4 ทุ่งสะแบง,มะเกลือใหม่,สูงเนิน,นครราชสีมา,30170,bantungsabang@gmail.com,school.korat4.go.th/tungsabang,มะเกลือใหม่,044-082606,044-082606,10 กรกฎาคม 2510,15,19,ขนาดกลาง,มีไฟฟ้า,9,143,8,23 ตุลาคม 2562 เวลา 21:49:53 น.
28,1030201052,30040033,201052,บ้านมะเกลือใหม่,Banmakluamai,นายวิชาญ ผิวสำอางค์,อนุบาล-มัธยมศึกษาตอนต้น,,หมู่ 2 บ้านมะเกลือใหม่,มะเกลือใหม่,สูงเนิน,นครราชสีมา,30170,prapraiwan@hotmail.com,-,มะเกลือใหม่,-,-,19 พฤษภาคม 2458,10,8,ขนาดกลาง,มีไฟฟ้า,15,120,11,19 พฤศจิกายน 2562 เวลา 10:54:13 น.
29,1030201054,30040034,201054,บ้านใหม่สันติ(พระครูสุตกิจสารวิมลอุปถัมภ์),banmaisanti(phrakhrusuttakijsarawimol),นางเพชรดา หงษ์ทอง,อนุบาล-ประถมศึกษา,,หมู่ 5 ใหม่สันติ,มะเกลือใหม่,สูงเนิน,นครราชสีมา,30170,-,-,มะเกลือใหม่,044-430588,-,16 พ.ค. 2515,5,25,ขนาดเล็ก,มีไฟฟ้า,5,30,7,25 ตุลาคม 2562 เวลา 10:13:48 น.
30,1030201055,30040035,201055,กิริวัฒนศักดิ์,kiriwattanasak,นายกรุณา เกี้ยวสูงเนิน,อนุบาล-ประถมศึกษา,,หมู่ 5 หนองโสน,สูงเนิน,สูงเนิน,นครราชสีมา,30170,-,www.school.obec.go.th/k,สูงเนิน,44984060,44984060,9 มกราคม 2522,25,10,ขนาดกลาง,มีไฟฟ้า,8,154,8,19 ตุลาคม 2562 เวลา 11:18:13 น.
31,1030201056,30040036,201056,บ้านบุใหญ่,Banbuyai,นายพิเชษฐ์ โคนกระโทก,อนุบาล-ประถมศึกษา,,หมู่ 14 บุใหญ่,สูงเนิน,สูงเนิน,นครราชสีมา,30170,Kruwanna02@hotmail.com,,สูงเนิน,,-,1 กันยายน 2500,30,15,ขนาดเล็ก,มีไฟฟ้า,5,26,7,08 พฤษภาคม 2562 เวลา 09:49:33 น.
32,1030201058,30040037,201058,บ้านสระเพลง,sraplang,นายสมพร พิทักษ์ตระกูล,อนุบาล-ประถมศึกษา,,หมู่ 2 สระเพลง,สูงเนิน,สูงเนิน,นครราชสีมา,30170,sraplang_school@hotmail.com,-,สูงเนิน,-,-,พ.ศ. 2482,30,10,ขนาดกลาง,มีไฟฟ้า,12,146,8,15 ตุลาคม 2562 เวลา 09:13:26 น.
33,1030201061,30040038,201061,อนุบาลประชารัฐสามัคคี,Anubunpracharat samakkee,นางศศิธร จ๋าพิมาย,อนุบาล-ประถมศึกษา,,หมู่ 4 สูงเนิน,สูงเนิน,สูงเนิน,นครราชสีมา,30170,pracharatshool@hotmail.co.th,www.pracharat.com,เทศบาลสูงเนิน,044-419994,44419203,1 พ.ค. 2478,18,2,ขนาดใหญ่,มีไฟฟ้า,42,936,29,26 กุมภาพันธ์ 2561 เวลา 10:20:01 น.
34,1030201062,30040039,201062,ระดมวิทยานุสรณ์,radomwittayanusorn,นางจิตจา ที่หนองสังข์,อนุบาล-มัธยมศึกษาตอนต้น,,หมู่ 11 สูงเนิน,สูงเนิน,สูงเนิน,นครราชสีมา,30170,radomwittayanusorn,-,เทศบาลสูงเนิน,"044-419992,044-",44419727,2475,18,2.5,ขนาดกลาง,มีไฟฟ้า,30,545,23,08 พฤษภาคม 2562 เวลา 09:01:37 น.
35,1030201063,30040040,201063,แหลมทองวิทยานุสรณ์,Leamthong Wittayanusorn,-,อนุบาล-ประถมศึกษา,,หมู่ 8 -,สูงเนิน,สูงเนิน,นครราชสีมา,30170,-,-,เทศบาลสูงเนิน,-,-,1 มิ.ย. 2508,17,4,ขนาดเล็ก,มีไฟฟ้า,4,33,9,20 ตุลาคม 2562 เวลา 14:07:32 น.
36,1030201071,30040042,201071,เสมาวิทยา,Semawittaya,นายประมาณ ต่วนสูงเนิน,อนุบาล-ประถมศึกษา,,หมู่ 13 บ้านเสมา,เสมา,สูงเนิน,นครราชสีมา,30170,-,-,เสมา,06-1060-7277,-,1 กันยายน 2487,27,8,ขนาดเล็ก,มีไฟฟ้า,9,68,8,20 พฤศจิกายน 2562 เวลา 10:05:36 น.
37,1030201069,30040043,201069,บ้านส้มกบงาม,Bansomkobngam,นางรุ่งทิวา ลือสัตย์,อนุบาล-ประถมศึกษา,,หมู่ 15 ส้มกบงาม,เสมา,สูงเนิน,นครราชสีมา,30170,-,gg.gg//bansomkobngam,เสมา,044-430590,-,1 กันยายน 2500,32,12,ขนาดเล็ก,มีไฟฟ้า,8,77,8,04 เมษายน 2562 เวลา 13:42:18 น.
38,1030201070,30040044,201070,บ้านโสกแจ้ง,Ban Sokchaeng School,นายเสกศิษย์ จีระวิทยากร,อนุบาล-ประถมศึกษา,,หมู่ 8 โสกแจ้ง,เสมา,สูงเนิน,นครราชสีมา,30170,bansokchaengschool@gmail.com,-,เสมา,044-082610,-,27 พฤษภาคม 2511,40,15,ขนาดเล็ก,มีไฟฟ้า,7,86,8,05 กรกฎาคม 2560 เวลา 03:24:30 น.
39,1030201065,30040045,201065,บ้านแก่นท้าว(อโศกวุฒิกรสงเคราะห์),bankaentao school,ดร.ปณดา โภชน์สาลี,อนุบาล-มัธยมศึกษาตอนต้น,,หมู่ 2 บ้านแก่นท้าว,เสมา,สูงเนิน,นครราชสีมา,30170,kaentao164@gmail.com,www.bankaentao.ac.th,เสมา,-,-,พ.ศ.2435,30,10,ขนาดกลาง,มีไฟฟ้า,16,152,12,30 มิถุนายน 2560 เวลา 05:23:52 น.
40,1030201066,30040046,201066,บ้านทะเล(เสมาประชาสรรค์),Bantale(semaprachasun),นายอนุชา สุกุมลจันทร์,อนุบาล-ประถมศึกษา,,หมู่ 5 หินตั้ง,เสมา,สูงเนิน,นครราชสีมา,30170,bantala170@gmail.com,-,เสมา,-,-,1 มกราคม 2465,30,6,ขนาดกลาง,มีไฟฟ้า,12,138,8,07 มิถุนายน 2562 เวลา 15:12:53 น.
41,1030201067,30040047,201067,บ้านน้อยกุดคล้า,Bannoikudkla,ว่าที่ร้อยโทปัจจมินทร์ รวยสูงเนิน,อนุบาล-ประถมศึกษา,,หมู่ 7 น้อยกุดคล้า,เสมา,สูงเนิน,นครราชสีมา,30170,Noikudkla2517@hotmail.com,www.Kutkla.com,เสมา,081-8794550,-,พ.ศ.2482,32,16,ขนาดเล็ก,มีไฟฟ้า,8,44,9,24 มิถุนายน 2562 เวลา 12:48:40 น.
42,1030201043,30040049,201043,บ้านหนองตะไก้,Bannongtakai,-,อนุบาล-ประถมศึกษา,,หมู่ 2 บ้านหนองตะไก้,หนองตะไก้,สูงเนิน,นครราชสีมา,30380,-,-,หนองตะไก้,044-430690,-,1/05/2478,35,22,ขนาดเล็ก,มีไฟฟ้า,2,13,4,21 มกราคม 2563 เวลา 14:09:26 น.
43,1030201046,30040051,201046,บ้านหนองแวง,Bannongvong,นายชัยโรจน์ พันธุ์ยางน้อย,อนุบาล-ประถมศึกษา,,หมู่ 5 บ้านหนองแวง,หนองตะไก้,สูงเนิน,นครราชสีมา,30380,-,-,หนองตะไก้,044-418308,-,22/05/2482,34,22,ขนาดกลาง,มีไฟฟ้า,14,148,8,16 ตุลาคม 2562 เวลา 10:44:34 น.
44,1030201039,30040053,201039,บ้านกุดขมิ้น,Bankudkamin,-,อนุบาล-ประถมศึกษา,,หมู่ 3 บ้านกุดขมิ้น,หนองตะไก้,สูงเนิน,นครราชสีมา,30380,-,-,หนองตะไก้,044-082612,-,10มิ.ย.2486,30,15,ขนาดเล็ก,มีไฟฟ้า,8,93,8,22 มิถุนายน 2560 เวลา 04:44:21 น.
45,1030201042,30040054,201042,บ้านสองคร,Bansongkorn,นางสาวศรีสุนันท์ ต่ายแสง,อนุบาล-ประถมศึกษา,,หมู่ 10 สองคร,หนองตะไก้,สูงเนิน,นครราชสีมา,30380,bansongkhorn_school@hotmail.com,-,หนองตะไก้,044-082613,-,20 พฤษภาคม 2482,40,20,ขนาดกลาง,มีไฟฟ้า,12,148,8,11 ตุลาคม 2562 เวลา 13:18:36 น.
46,1030200961,30040055,200961,บ้านปางละกอ,Banpanglakhor School,นางสาวจิรนันท์ ไมขุนทด,อนุบาล-ประถมศึกษา,,หมู่ 1 ปางละกอ,กฤษณา,สีคิ้ว,นครราชสีมา,30140,panglakhor@hotmail.co.th,http://www.facebook.com/panglakhor,กฤษณา,044-452675,-,15/07/2528,42,35,ขนาดกลาง,มีไฟฟ้า,13,162,8,29 พฤษภาคม 2562 เวลา 13:20:34 น.
47,1030200962,30040056,200962,บ้านวังกระสวย,Ban Wangkrasuay,นายเทวฤทธิ์ สิทธินอก,อนุบาล-ประถมศึกษา,,หมู่ 2 บ้านวังกระสวย,กฤษณา,สีคิ้ว,นครราชสีมา,30140,s.tevarit@gmail.com,-,กฤษณา,087-8699489,-,07/05/ 2523,52,45,ขนาดเล็ก,มีไฟฟ้า,8,114,8,17 ตุลาคม 2562 เวลา 15:59:37 น.
48,1030200964,30040057,200964,บ้านวังโรงน้อย,Banwangrongnoi school,นายวีรยุทธ เวกสูงเนิน,อนุบาล-มัธยมศึกษาตอนต้น,,หมู่ 4 บ้านวังโรงน้อย,กฤษณา,สีคิ้ว,นครราชสีมา,30140,wang_rong_noi@hotmail.com,-,กฤษณา,044-430563,-,15 สิงหาคม 2483,30,20,ขนาดกลาง,มีไฟฟ้า,18,173,11,07 พฤษภาคม 2562 เวลา 10:45:26 น.
49,1030200958,30040058,200958,บ้านซับใต้,bansubtai,นายเฉลียว ปิ่นวิเศษ,อนุบาล-ประถมศึกษา,,หมู่ 7 บ้านซับใต้,กฤษณา,สีคิ้ว,นครราชสีมา,30140,bansubtai@hotmail.com,-,กฤษณา,081-0679443,-,2506,25,20,ขนาดกลาง,มีไฟฟ้า,10,173,8,25 มิถุนายน 2562 เวลา 16:19:38 น.
50,1030200960,30040059,200960,บ้านโนนรัง,ban - nonrung,นายอนุชา หมั่นกิจ,อนุบาล-ประถมศึกษา,,หมู่ 5 โนนรัง,กฤษณา,สีคิ้ว,นครราชสีมา,30140,-,-,กฤษณา,044-430093,-,23 เมษายน 2512,20,16,ขนาดเล็ก,มีไฟฟ้า,8,63,9,04 มิถุนายน 2562 เวลา 10:09:31 น.
51,1030200968,30040060,200968,บ้านกุดน้อย,BanKudnoi School,นางอรทัย แก้วอาจ,อนุบาล-ประถมศึกษา,,หมู่ 14 บ้านบ่อทอง,กุดน้อย,สีคิ้ว,นครราชสีมา,30140,kudnoi_ed.4@hotmail.com,kudnoi_ed.4@hotmail.com,กุดน้อย,044-082533,-,พ.ศ.2454,20,7,ขนาดเล็ก,มีไฟฟ้า,2,40,8,28 พฤษภาคม 2562 เวลา 13:05:13 น.
52,1030200970,30040062,200970,บ้านโนนเสลา,Bannonsalao,-,อนุบาล-มัธยมศึกษาตอนต้น,,หมู่ 6 โนนเสลา,กุดน้อย,สีคิ้ว,นครราชสีมา,30140,-,-,กุดน้อย,-,-,26 สิงหาคม 2482,13.5,5,ขนาดเล็ก,มีไฟฟ้า,8,68,12,11 มิถุนายน 2561 เวลา 14:35:42 น.
53,1030200972,30040064,200972,บ้านหนองสลักได,bannongsalakdai,นางอารีย์วรรณ โพธิ์ระดก,อนุบาล-ประถมศึกษา,,หมู่ 4 หนองสลักได,กุดน้อย,สีคิ้ว,นครราชสีมา,30140,Areep05@hotmail.co.th,-,กุดน้อย,044-082535,-,1 กันยายน 2481,12,10,ขนาดเล็ก,มีไฟฟ้า,8,81,9,28 มิถุนายน 2562 เวลา 20:56:24 น.
54,1030200973,30040065,200973,บ้านใหม่(ประชาอุปถัมภ์),Banmaiprachaupathum,นางฐิติพร จันทร์นวล,อนุบาล-ประถมศึกษา,,หมู่ 11 บ้านใหม่ กม.9,กุดน้อย,สีคิ้ว,นครราชสีมา,30140,-,-,กุดน้อย,044-987529,-,1 พฤษภาคม 2513,15,9.5,ขนาดกลาง,มีไฟฟ้า,10,144,8,13 มิถุนายน 2562 เวลา 14:25:55 น.
55,1030200974,30040066,200974,พรพิทยาคม,pornpittayakom,นายวชิรวรรธน์ วัฒนสันติพงศ์,อนุบาล-มัธยมศึกษาตอนต้น,,หมู่ 13 ปรางค์เก่า,กุดน้อย,สีคิ้ว,นครราชสีมา,30140,pittayakom_2482@hotmail.com,-,กุดน้อย,-,-,1 พ.ค.2482,13,8,ขนาดกลาง,มีไฟฟ้า,17,185,11,21 มีนาคม 2562 เวลา 13:12:13 น.
56,1030201002,30040067,201002,เจซี.โคราชอนุสรณ์ 1,jc.koratanusron 1,นายประจักษ์ ชะเอม,อนุบาล-ประถมศึกษา,,หมู่ 3 หนองขอน,คลองไผ่,สีคิ้ว,นครราชสีมา,30340,-,-,คลองไผ่,895814730,-,1 พ.ค. 2523,13,16,ขนาดเล็ก,มีไฟฟ้า,9,56,9,14 มิถุนายน 2562 เวลา 12:33:06 น.
57,1030201003,30040068,201003,นิยมมิตรวิทยาคาร,Niyommitwittayakarn,นายอนุศักดิ์ ดาลุนฉิม,อนุบาล-มัธยมศึกษาตอนต้น,,หมู่ 1 คลองไผ่,คลองไผ่,สีคิ้ว,นครราชสีมา,30340,nmwschool@gmail.com,www.niyommit.org,เทศบาลตำบลคลองไผ่,44323326,44323326,20/08/2481,11,18,ขนาดใหญ่,มีไฟฟ้า,38,780,23,17 ตุลาคม 2562 เวลา 11:06:06 น.
58,1030201004,30040069,201004,บ้านซับศรีจันทร์,Bansubsrijun,นางรำไพมณี วิเชียรรัตน์,อนุบาล-ประถมศึกษา,,หมู่ 2 บ้านซับศรีจันทร์,คลองไผ่,สีคิ้ว,นครราชสีมา,30340,-,-,คลองไผ่,044-430683,-,14 พฤษภาคม 2514,20,25,ขนาดเล็ก,มีไฟฟ้า,7,66,8,18 ตุลาคม 2562 เวลา 22:07:20 น.
59,1030200981,30040070,200981,บ้านมะค่างาม,BANMAKHANGAM,นางสาวภคณัท สกุลบุญลพ,อนุบาล-มัธยมศึกษาตอนต้น,,หมู่ 4 บ้านมะค่างาม,คลองไผ่,สีคิ้ว,นครราชสีมา,30340,-,-,คลองไผ่,044-082540,-,27/03/2523,22,35,ขนาดกลาง,มีไฟฟ้า,19,261,11,07 พฤศจิกายน 2561 เวลา 13:31:12 น.
60,1030200997,30040071,200997,เที่ยงธรรมวิทยา,Theangtumvittaya,นายสุรวุฒิ ดันนอก,ประถมศึกษา,,หมู่ 10 เขายายเที่ยงใต้,คลองไผ่,สีคิ้ว,นครราชสีมา,30340,numberlock2011@hotmail.com,-,คลองไผ่,044-430008,-,1 เมษายน 2520,22,30,ขนาดเล็ก,มีไฟฟ้า,6,33,6,06 ธันวาคม 2561 เวลา 11:31:59 น.
61,1030201020,30040072,201020,บ้านปางโก,banpanggo,นายวรวุฒิ เดชขุนทด,อนุบาล-ประถมศึกษา,,หมู่ 8 ปางโก,ดอนเมือง,สีคิ้ว,นครราชสีมา,30140,pangko @ korat-ed4.com,-,,044-082543,-,1052523,60,55,ขนาดเล็ก,มีไฟฟ้า,9,81,8,14 มิถุนายน 2562 เวลา 14:02:51 น.
62,1030200983,30040073,200983,ประชาราษฎร์สามัคคี,Pracharat Samakkee,นายชูชีพ นฤสุข,อนุบาล-มัธยมศึกษาตอนต้น,,หมู่ 7 ลาดใหญ่,ดอนเมือง,สีคิ้ว,นครราชสีมา,30140,pracharat@korat-ed4.com,www.pracharat.net,ดอนเมือง,810673751,-,11/02/2527,38,41,ขนาดกลาง,มีไฟฟ้า,17,178,12,01 พฤษภาคม 2562 เวลา 20:10:14 น.
63,1030200984,30040074,200984,รามวิทยาประชานุสรณ์,ramwitthaya prachanusorn,นายประเสริฐ วงษ์แสน,อนุบาล-ประถมศึกษา,,หมู่ 11 บ้านผาแดง,ดอนเมือง,สีคิ้ว,นครราชสีมา,30140,ramwitaya@thaimail.com,-,ดอนเมือง,044-430422,-,16112531,46,58,ขนาดเล็ก,มีไฟฟ้า,9,109,9,20 มิถุนายน 2561 เวลา 10:56:47 น.
64,1030200979,30040075,200979,บ้านดอนเมือง,BANDONMUANG,นายโสรัต รุ่งโรจน์กิจกุล,อนุบาล-ประถมศึกษา,,หมู่ 4 ดอนเมือง,ดอนเมือง,สีคิ้ว,นครราชสีมา,30140,-,-,ดอนเมือง,044-430420,-,4/05/2514,30,36,ขนาดกลาง,มีไฟฟ้า,12,162,8,15 มิถุนายน 2561 เวลา 14:21:00 น.
65,1030200980,30040076,200980,นาหว้าไตรประชาคม,nawatriprachacom,นางสาวศรัณย์ประวีร์ พูนณรงค์,อนุบาล-ประถมศึกษา,,หมู่ 14 บ้านเดิ่นพัฒนา,ดอนเมือง,สีคิ้ว,นครราชสีมา,30140,nawa@korat-ed4.com,-,ดอนเมือง,044-430419,-,1 พฤษภาคม 2531,40,45,ขนาดเล็ก,มีไฟฟ้า,9,102,8,29 มิถุนายน 2562 เวลา 09:20:55 น.
66,1030200982,30040077,200982,หนองแวงพิทยาคม,Nongwangpittayakhom,นายประกาศ ทองก้อนสิงห์,อนุบาล-มัธยมศึกษาตอนต้น,,หมู่ 2 หนองแวง,ดอนเมือง,สีคิ้ว,นครราชสีมา,30140,nwpit982@gmail.com,data.bopp-obec.info/web/index.php?School_ID=1030200982,ดอนเมือง,44430569,-,24 มิถุนายน 2514,45,40,ขนาดกลาง,มีไฟฟ้า,18,207,11,30 เมษายน 2562 เวลา 15:52:50 น.
67,1030200991,30040078,200991,บ้านหนองโอง,bannongong,นายกิตติศักดิ์ แก้วเด่น,อนุบาล-ประถมศึกษา,,หมู่ 6 บ้านหนองโอง,บ้านหัน,สีคิ้ว,นครราชสีมา,30140,-,-,บ้านหัน,044-082547,-,14 มกราคม 2501,25,14,ขนาดเล็ก,มีไฟฟ้า,7,54,9,12 ตุลาคม 2562 เวลา 12:11:10 น.
68,1030200994,30040079,200994,บ้านหัน(วุฒิวิทยาคาร),banhun(wuttivittayakarn),นายวิทยา พันธุ์แก้ว,อนุบาล-มัธยมศึกษาตอนต้น,,หมู่ 1 บ้านหัน,บ้านหัน,สีคิ้ว,นครราชสีมา,30140,banhunschool@hotmail.com/school135,//www.thai-school.net/banhun/,บ้านหัน,044-987000,044-987000,9 พฤษภาคม 2453,21,10,ขนาดกลาง,มีไฟฟ้า,17,149,11,16 มิถุนายน 2560 เวลา 06:31:41 น.
69,1030201009,30040080,201009,คีรีวัฒนา,Keereewathana,นายณรงค์ หล้าอัมพร,อนุบาล-มัธยมศึกษาตอนต้น,,หมู่ 5 บ้านหนองจอก,มิตรภาพ,สีคิ้ว,นครราชสีมา,30140,e-mail Pr1101@hotmail.com,-,มิตรภาพ,044-430573,-,3 พฤษภาคม 2483,9,12,ขนาดกลาง,มีไฟฟ้า,20,283,11,29 พฤษภาคม 2560 เวลา 15:04:37 น.
70,1030201011,30040081,201011,"บ้านกุดชะนวน ""รัฐราษฏร์สวัสดิอุทิศ""",Bankudchanuan,-,อนุบาล-ประถมศึกษา,,หมู่ 4 บ้านกุดชะนวน,มิตรภาพ,สีคิ้ว,นครราชสีมา,30140,kudchanuan@gmail.com,www.kudchanuan.ac.th,มิตรภาพ,044-082549,-,02/06/2479,3,4,ขนาดเล็ก,มีไฟฟ้า,3,37,8,28 มิถุนายน 2562 เวลา 09:41:26 น.
71,1030201014,30040082,201014,บ้านโนนกุ่มมิตรภาพที่210,Ban Nonkummittrapap 210 School.,นายอุทัย ผาสุขนิตย์,อนุบาล-มัธยมศึกษาตอนต้น,,หมู่ 2 โนนกุ่ม,มิตรภาพ,สีคิ้ว,นครราชสีมา,30140,nonkomschool@hotmail.com,www.nonkummitapaptee 210.blogspot.com,เทศบาลเมืองสีคิ้ว,044-411222,044-411222,5 ธันวาคม 2507,6,2,ขนาดใหญ่,มีไฟฟ้า,40,824,24,17 ตุลาคม 2562 เวลา 16:08:53 น.
72,1030201001,30040083,201001,บ้านหนองขาม,BANNONGKAM,นายกษิณชาติ สายบุญลี,อนุบาล-ประถมศึกษา,,หมู่ 8 หนองขาม,มิตรภาพ,สีคิ้ว,นครราชสีมา,30140,bannongkamsikhio@gmail.com,-,มิตรภาพ,044-082550,-,พ.ศ.2522,2,10,ขนาดเล็ก,มีไฟฟ้า,6,36,8,19 ตุลาคม 2562 เวลา 12:10:50 น.
73,1030200995,30040084,200995,เจียรวนนท์อุทิศ 1,JIARAWANONUTHIT 1,นายปราโมทย์ สิงหวรวงศ์,อนุบาล-มัธยมศึกษาตอนต้น,,หมู่ 16 แผ่นดินธรรม,ลาดบัวขาว,สีคิ้ว,นครราชสีมา,30340,krunok2006@hotmail.com,jrn-1.ac.th/,เทศบาลตำบลลาดบัวขาว,982023246,44325661,2517,3,12,ขนาดกลาง,มีไฟฟ้า,20,231,9,08 มกราคม 2563 เวลา 19:10:01 น.
74,1030200996,30040085,200996,ถนนมิตรภาพ,thanonmittrapab,นายขวัญชัย พรมแสน,อนุบาล-ประถมศึกษา,,หมู่ 6 น้ำเมา,ลาดบัวขาว,สีคิ้ว,นครราชสีมา,30340,thanonmittrapab@hotmail.com,data.bopp-obec.info/web/index.php?School_ID=1030200996,เทศบาลตำบลลาดบัวขาว,044-325529,-,1 พฤษภาคม 2504,1.5,10,ขนาดเล็ก,มีไฟฟ้า,7,88,6,07 มิถุนายน 2562 เวลา 13:45:13 น.
75,1030200998,30040086,200998,บ้านคลองตะแบก,Banklongtabag,นายสมคิด พินิจ,อนุบาล-ประถมศึกษา,,หมู่ 5 บ้านคลองตะแบก,ลาดบัวขาว,สีคิ้ว,นครราชสีมา,30340,phoopim@gmail.com,-,อบต.ลาดบัวขาว,817308891,-,1 เมษายน 2464,1,10,ขนาดเล็ก,มีไฟฟ้า,9,118,8,20 ตุลาคม 2562 เวลา 14:27:34 น.
76,1030200999,30040087,200999,บ้านซับตะเคียน,Bansubtakian,นางกิตติพร โพธิ์ทอง,อนุบาล-มัธยมศึกษาตอนต้น,,หมู่ 13 บ้านซับตะเคียน,ลาดบัวขาว,สีคิ้ว,นครราชสีมา,30340,subtakian@hotmail.com,subtakian.ac.th,ลาดบัวขาว,044-430576,-,ปี พ.ศ. 2512,9,15,ขนาดกลาง,มีไฟฟ้า,20,264,12,31 พฤษภาคม 2562 เวลา 09:53:57 น.
77,1030201000,30040088,201000,บ้านเลิศสวัสดิ์(ราษฎร์รังสรรค์วิทยา),Lerdsawad (Ratrungsanwitthaya) school,นางสาวพักตรา อิสเรสรังสรรค์,อนุบาล-มัธยมศึกษาตอนต้น,,หมู่ 12 เลิศสวัสดิ์,ลาดบัวขาว,สีคิ้ว,นครราชสีมา,30340,-,-,ลาดบัวขาว,044-325530,44325530,5 กรกฎาคม 2509,7,15,ขนาดเล็ก,มีไฟฟ้า,12,89,12,29 มิถุนายน 2562 เวลา 12:24:43 น.
78,1030201005,30040089,201005,บ้านลาดบัวขาว,Ladbuakhao,นางพรจิต ทรวงทองหลาง,อนุบาล-มัธยมศึกษาตอนต้น,,หมู่ 11 บ้านโนนสว่าง,ลาดบัวขาว,สีคิ้ว,นครราชสีมา,30340,-,-,ลาดบัวขาว,044-430575,-,1 มิถุนายน 2472,12,15,ขนาดกลาง,มีไฟฟ้า,16,186,11,05 พฤศจิกายน 2562 เวลา 15:09:28 น.
79,1030201006,30040090,201006,บ้านหนองบัว,Bannongbua,นางสาวนงราม ชลอเจริญยิ่ง,อนุบาล-ประถมศึกษา,,หมู่ 1 หนองบัว,ลาดบัวขาว,สีคิ้ว,นครราชสีมา,30340,bannongbua@korat4moe.com,-,ลาดบัวขาว,044-082554,-,19/08/2481,13,17,ขนาดเล็ก,มีไฟฟ้า,10,83,9,02 กรกฎาคม 2560 เวลา 02:52:10 น.
80,1030201007,30040091,201007,บ้านใหม่สำโรง,banmaisomrong,นายนัฐพงศ์ เถาะสูงเนิน,อนุบาล-มัธยมศึกษาตอนต้น,,หมู่ 3 บ้านใหม่สำโรง,ลาดบัวขาว,สีคิ้ว,นครราชสีมา,30340,-,-,ลาดบัวขาว,044-430574,-,2 กรกฏาคม 2480,12,12,ขนาดกลาง,มีไฟฟ้า,22,210,12,31 ตุลาคม 2560 เวลา 06:36:16 น.
81,1030201008,30040092,201008,หนองน้ำขุ่น,nongnamkhoon,นางยศพร จิรพรเจริญ,อนุบาล-มัธยมศึกษาตอนต้น,,หมู่ 4 หนองน้ำขุ่น,ลาดบัวขาว,สีคิ้ว,นครราชสีมา,30340,Namkhoon@gmail.com,sites.google.com/site/namkhoon1,ลาดบัวขาว,044-430669,-,28/04/2495,8,10,ขนาดกลาง,มีไฟฟ้า,16,181,11,26 กันยายน 2560 เวลา 06:40:35 น.
82,1030200967,30040093,200967,บ้านห้วยลุง,BANHUAYLUNG,นางจุติพร ขวบสันเทียะ,อนุบาล-ประถมศึกษา,,หมู่ 2 บ้านห้วยลุง,วังโรงใหญ่,สีคิ้ว,นครราชสีมา,30140,-,www.Thai-schoo.net/huaylungl,วังโรงใหญ่,044-430424,-,1 มิถุนายน 2480,18,18,ขนาดเล็ก,มีไฟฟ้า,10,103,9,04 พฤศจิกายน 2562 เวลา 22:00:27 น.
83,1030200959,30040094,200959,บ้านโนนประดู่,Baan-nonpradoo,นางสุรีพร แพงแก้ว,อนุบาล-ประถมศึกษา,,หมู่ 3 โนนประดู่,วังโรงใหญ่,สีคิ้ว,นครราชสีมา,30140,-,-,วังโรงใหญ่,044-082577,-,21 มกราคม 2501,20,16,ขนาดเล็ก,มีไฟฟ้า,7,73,9,08 พฤศจิกายน 2561 เวลา 10:29:51 น.
84,1030200963,30040095,200963,บ้านวังราง,BANWANGRANG,นางสาวช่อรัก พันธ์สวัสดิ์,อนุบาล-ประถมศึกษา,,หมู่ 8 บ้านวังราง,วังโรงใหญ่,สีคิ้ว,นครราชสีมา,30140,wangrang0118@hotmail.co.th,-,วังโรงใหญ่,044-082558,-,2514,43,40,ขนาดเล็ก,มีไฟฟ้า,5,18,8,01 กุมภาพันธ์ 2562 เวลา 15:57:55 น.
85,1030200965,30040096,200965,บ้านวังโรงใหญ่สามัคคี,Banwangrongyaisamakkee,นายคมสันต์ ขุมกระโทก,อนุบาล-มัธยมศึกษาตอนต้น,,หมู่ 7 วังโรงใหญ่,วังโรงใหญ่,สีคิ้ว,นครราชสีมา,30140,-,-,วังโรงใหญ่,044-752677,-,25/01/2501,42,32,ขนาดกลาง,มีไฟฟ้า,20,270,12,03 ตุลาคม 2562 เวลา 10:12:52 น.
86,1030200966,30040097,200966,บ้านหนองกระทุ่ม,BAN NONGKRATUM,นายสมชาย อยู่คะเชนทร์,อนุบาล-มัธยมศึกษาตอนต้น,,หมู่ 4 บ้านหนองกระทุ่ม,วังโรงใหญ่,สีคิ้ว,นครราชสีมา,30140,-,-,วังโรงใหญ่,044-430578,-,5/06/2501,25,20,ขนาดกลาง,มีไฟฟ้า,18,207,11,23 มกราคม 2563 เวลา 15:33:57 น.
87,1030201016,30040098,201016,สันติพัฒนา,SANTIPHATHANA,นายชูยศ พยุงสวรรณ,อนุบาล-ประถมศึกษา,,หมู่ 1 บ้านพัฒนา,สีคิ้ว,สีคิ้ว,นครราชสีมา,30140,santiphatthana@korat4.go.th,-,เทศบาลตำบลสีคิ้ว,044-411790,-,24 มิถุนายน 2524,12,1,ขนาดเล็ก,มีไฟฟ้า,7,39,9,22 พฤษภาคม 2562 เวลา 14:40:39 น.
88,1030201012,30040100,201012,บ้านถนนคด(ศรีวิทยาคาร),Bantanonkod(sivittayakarn),นายปณิธาน เปรื่องนนท์,อนุบาล-ประถมศึกษา,,หมู่ 11 ถนนคด,สีคิ้ว,สีคิ้ว,นครราชสีมา,30140,noksocold5@gmail.com,-,สีคิ้ว,044-430673,-,01/04/2463,6.6,4.6,ขนาดเล็ก,มีไฟฟ้า,6,44,6,24 ตุลาคม 2562 เวลา 11:34:06 น.
89,1030201013,30040101,201013,บ้านนาดีศรีสะอาด,Bannadeesrisaard,นายวีระ ดวงสำราญ,อนุบาล-ประถมศึกษา,,หมู่ 12 โคกสะอาด,สีคิ้ว,สีคิ้ว,นครราชสีมา,30140,nadee @ korat-ed4.com,-,สีคิ้ว,044-430425,-,15 ตุลาคม 2499,20,10,ขนาดเล็ก,มีไฟฟ้า,7,57,9,31 ตุลาคม 2560 เวลา 04:24:37 น.
90,1030201010,30040102,201010,ไทยวัฒนาประชารัฐ,Thaiwattanapracharat,นายสมพงษ์ คบด่านกลาง,อนุบาล-ประถมศึกษา,,หมู่ เลขที่ 11 หมู่ 5 ชุมชนนพเก้า,สีคิ้ว,สีคิ้ว,นครราชสีมา,30140,thaiwattanaschool@gmail.com,data.bopp-obec.info/web/?School_ID=1030201010,เทศบาลเมืองสีคิ้ว,044-411311,44411522,30 พ.ย. 2442,8,1,ขนาดใหญ่,มีไฟฟ้า,26,566,20,19 ธันวาคม 2562 เวลา 13:18:23 น.
91,1030200976,30040103,200976,คลองแจ้งวิทยา,klongjangwittaya,นายกฤษณชัย บุญยิ่ง,อนุบาล-ประถมศึกษา,,หมู่ 9 คลองแจ้ง,หนองน้ำใส,สีคิ้ว,นครราชสีมา,30140,jesadakorat12345678@gmail.com,data.bopp-obec.info/web/?School_ID=1030200976,หนองน้ำใส,044-430426 085-7795287,-,10/05/2533,30,40,ขนาดเล็ก,มีไฟฟ้า,5,76,9,24 ตุลาคม 2562 เวลา 20:23:38 น.
92,1030200977,30040104,200977,คลองไทรวิทยาสิทธิ์,KlongzaiwitayasitSchool,นายจารึก เลิศสำโรง,อนุบาล-มัธยมศึกษาตอนต้น,,หมู่ 6 คลองไทร,หนองน้ำใส,สีคิ้ว,นครราชสีมา,30340,-,-,หนองน้ำใส,082-1456709,-,14 กันยายน 2522,40,50,ขนาดกลาง,มีไฟฟ้า,19,216,12,12 กุมภาพันธ์ 2563 เวลา 10:19:26 น.
93,1030200978,30040105,200978,ทับ6วิทยาคาร,Tub6vittayakhan,นายนายเมธี ศรีคำ,อนุบาล-มัธยมศึกษาตอนต้น,,หมู่ 17 ทรัพย์ทวี,หนองน้ำใส,สีคิ้ว,นครราชสีมา,30140,Tub6_vittayakhan@hotmail.co.th,-,หนองน้ำใส,044-430427,-,28 เมษายน 2521,28,35,ขนาดกลาง,มีไฟฟ้า,18,236,12,19 ตุลาคม 2562 เวลา 20:01:21 น.
94,1030200985,30040106,200985,สง่าพัฒนา,sangapatana,นางกัญชลี อุดมศักดิ์,อนุบาล-ประถมศึกษา,,หมู่ 7 สง่าพัฒนา,หนองน้ำใส,สีคิ้ว,นครราชสีมา,30140,sangapattana@hotmail.co.th,-,หนองน้ำใส,044-430428,-,2523,44,50,ขนาดกลาง,มีไฟฟ้า,10,129,9,24 ตุลาคม 2562 เวลา 18:06:33 น.
95,1030200986,30040107,200986,หนองน้ำใส,Nongnamsai,นายเผด็จ โมฆะรัตน์,อนุบาล-ประถมศึกษา,,หมู่ 1 หนองน้ำใส,หนองน้ำใส,สีคิ้ว,นครราชสีมา,30140,nongnamsai@nns.ac.th,www.nns.ac.th,หนองน้ำใส,044-985115,044-985116,23/01/2501,34,38,ขนาดใหญ่,มีไฟฟ้า,30,598,24,29 มีนาคม 2562 เวลา 14:03:17 น.
96,1030200988,30040108,200988,บ้านหนองกก(ประชาพัฒนา),Bannongkok(Prachapattana),นายเกียรติศักดิ์ แสงดาว,อนุบาล-ประถมศึกษา,,หมู่ 2 บ้านหนองกก,หนองบัวน้อย,สีคิ้ว,นครราชสีมา,30140,Bannongkok1207@gmail.com,-,หนองบัวน้อย,044-082567,-,12 กรกฎาคม 2476,25,19,ขนาดเล็ก,มีไฟฟ้า,9,78,9,07 พฤศจิกายน 2561 เวลา 15:00:51 น.
97,1030200975,30040109,200975,ห้วยทรายวิทยาคม,huaisaiwittayakom,นายชัชชัย คำพุช,อนุบาล-ประถมศึกษา,,หมู่ 4 สุมทุม,หนองบัวน้อย,สีคิ้ว,นครราชสีมา,30140,huaisaischool@gmail.com,-,หนองบัวน้อย,44082572,-,1 พฤษภาคม 2516,19,13,ขนาดเล็ก,มีไฟฟ้า,7,80,9,10 มิถุนายน 2561 เวลา 12:12:46 น.
98,1030200993,30040110,200993,บ้านห้วยตะแคงใต้,Banhuaytakaengtai,นายชอุ่ม ไพศาล,อนุบาล-ประถมศึกษา,,หมู่ 8 บ้านห้วยตะแคงใต้,หนองบัวน้อย,สีคิ้ว,นครราชสีมา,30140,bt133school@hotmail.com,,หนองบัวน้อย,910195989,-,3 พฤษภาคม 2514,33,25,ขนาดเล็ก,มีไฟฟ้า,5,24,9,27 กุมภาพันธ์ 2563 เวลา 08:52:29 น.
99,1030200992,30040111,200992,บ้านห้วยตะแคง,BANHUAYTAKHAENG,-,อนุบาล-ประถมศึกษา,,หมู่ 7 บ้านห้วยตะแคงเหนือ,หนองบัวน้อย,สีคิ้ว,นครราชสีมา,30140,huaytakhaeng@gmail.com,-,หนองบัวน้อย,-,-,30 พฤศจิกายน 2482,40,30,ขนาดเล็ก,มีไฟฟ้า,7,68,8,03 ตุลาคม 2562 เวลา 15:18:52 น.
100,1030200989,30040112,200989,บ้านหนองบัวน้อย,BANNONGBUANOY,-,อนุบาล-ประถมศึกษา,,หมู่ 5 หนองบัวน้อย,หนองบัวน้อย,สีคิ้ว,นครราชสีมา,30140,school125@obec.com,-,หนองบัวน้อย,044-430167,-,10 เมษายน 2495,37,17,ขนาดเล็ก,มีไฟฟ้า,9,107,8,14 มิถุนายน 2562 เวลา 16:46:48 น.
101,1030200990,30040113,200990,บ้านหนองไม้ตาย,Bannongmaitay,นายณเรศ รูปเหมาะ,อนุบาล-ประถมศึกษา,,หมู่ 9 บ้านหนองไม้ตาย,หนองบัวน้อย,สีคิ้ว,นครราชสีมา,30140,School127@korat-ed4.com,-,หนองบัวน้อย,892815638,-,24 มิถุนายน พ.ศ. 2486,30,20,ขนาดเล็ก,มีไฟฟ้า,7,81,9,07 พฤษภาคม 2562 เวลา 10:45:37 น.
102,1030201017,30040114,201017,โนนกราดสามัคคี,NONKRADSAMAKKEE,นายอมตศาสตร์ แพงแก้ว,อนุบาล-ประถมศึกษา,,หมู่ 2 โนนกราด,หนองหญ้าขาว,สีคิ้ว,นครราชสีมา,30140,-,-,หนองหญ้าขาว,-,-,19 มิถุนายน 2519,35,30,ขนาดกลาง,มีไฟฟ้า,10,151,9,29 มิถุนายน 2562 เวลา 14:52:40 น.
103,1030201018,30040115,201018,บ้านซับชุมพล,Bansubchumpon,นางสาวจิรัฐิติกาล สุทธานุช,อนุบาล-ประถมศึกษา,,หมู่ 9 ซับชุมพล,หนองหญ้าขาว,สีคิ้ว,นครราชสีมา,30140,subchumpon@korat-ed4.co,-,อบต.หนองหญ้าขาว,44082574,-,4 พฤษภาคม 2515,12,17,ขนาดเล็ก,มีไฟฟ้า,8,96,9,07 พฤษภาคม 2562 เวลา 10:47:09 น.
104,1030201019,30040116,201019,บ้านโนนสง่า,BANNONSANGA,นางนภาพร ฤดีจรัสวัลย์,อนุบาล-มัธยมศึกษาตอนต้น,,หมู่ 8 ดงลำไย,หนองหญ้าขาว,สีคิ้ว,นครราชสีมา,30140,-,-,หนองหญ้าขาว,044-082575,-,1 พ.ค. 2514,41,32,ขนาดกลาง,มีไฟฟ้า,21,262,12,16 พฤศจิกายน 2562 เวลา 14:15:34 น.
105,1030201021,30040117,201021,บ้านหนองไผ่,Bannongphai,นายสรายุทธ ชัยสุวรรณ์,อนุบาล-มัธยมศึกษาตอนต้น,,หมู่ 1 หนองไผ่,หนองหญ้าขาว,สีคิ้ว,นครราชสีมา,30140,nongphaischool02@gmail.com,-,หนองหญ้าขาว,933269673,-,23 สิงหาคม 2483,25,21,ขนาดเล็ก,มีไฟฟ้า,11,92,12,06 มิถุนายน 2562 เวลา 15:32:45 น.
106,1030201022,30040118,201022,บ้านหนองหญ้าขาว,BAN NONG YA KHAO,นางสาวสุดารัตน์ พุ้ยมอม,อนุบาล-ประถมศึกษา,,หมู่ 3 หนองหญ้าขาว,หนองหญ้าขาว,สีคิ้ว,นครราชสีมา,30140,thaikan1234@gmail.com,bannongyakhao.com/,หนองหญ้าขาว,044-430196,-,2508,30,25,ขนาดกลาง,มีไฟฟ้า,14,198,8,03 กรกฎาคม 2560 เวลา 01:55:20 น.
107,1030201023,30040119,201023,บ้านหนองห่าน(ประชาสามัคคี),BANNONGHAN,-,อนุบาล-ประถมศึกษา,,หมู่ 10 หนองห่าน,หนองหญ้าขาว,สีคิ้ว,นครราชสีมา,30140,Nonghan_130@hotmail.co.th,-,หนองหญ้าขาว,044-430202,-,14 กรกฎาคม 2520,18,18,ขนาดกลาง,มีไฟฟ้า,13,152,9,13 มิถุนายน 2561 เวลา 22:00:11 น.
108,1030200748,30040120,200748,บุญบันดาลวิทยานุสรณ์,BUNBANDALWITTHAYANUSORN,นายพิสิฐ วรศาสตร์,อนุบาล-ประถมศึกษา,,หมู่ 14 ชลประทาน,กลางดง,ปากช่อง,นครราชสีมา,30320,chavalitshl.2010@gmail.com,www.schoolobec.go.th/bu,เทศบาลตำบลสีมามงคล,044-430384,44430384,22 กันยายน 2526,55,12,ขนาดกลาง,มีไฟฟ้า,11,126,8,06 พฤศจิกายน 2561 เวลา 14:56:21 น.
109,1030200749,30040121,200749,เบทาโกรวิทยา,Betagrowittaya school,นายสุกิจ บัวคง,อนุบาล-มัธยมศึกษาตอนต้น,,หมู่ 1 ปางอโศก,กลางดง,ปากช่อง,นครราชสีมา,30320,batagro_school@hotmail.com,www.bgtws.net,สีมามงคล,044-361905,044-430251,26 มิถุนายน 2502,50,15,ขนาดกลาง,มีไฟฟ้า,17,239,11,10 พฤษภาคม 2562 เวลา 09:59:25 น.
110,1030200751,30040122,200751,วัดกลางดง,watklangdong,นายสุริยา พลกลาง,อนุบาล-มัธยมศึกษาตอนต้น,,หมู่ 12 กลางดง,กลางดง,ปากช่อง,นครราชสีมา,30320,-,www.vadklangdong.net,กลางดง,044-000746,044-000746,2482,60,26,ขนาดกลาง,มีไฟฟ้า,19,303,14,12 พฤศจิกายน 2562 เวลา 09:20:43 น.
111,1030200752,30040123,200752,วัดมิตรภาพวนาราม,Watmittrapapwanaram,นายดุสิต โกนสันเทียะ,อนุบาล-มัธยมศึกษาตอนต้น,,หมู่ 4 ชายเขา,กลางดง,ปากช่อง,นครราชสีมา,30320,mittraphap.school@gmail.com,Obec .to.th/Mitrapap,เทศบาลตำบลกลางดง,44000164,,2506,65,30,ขนาดกลาง,มีไฟฟ้า,28,387,15,15 ตุลาคม 2562 เวลา 21:40:14 น.
112,1030200771,30040124,200771,นิคมสร้างตนเองลำตะคอง 5,Nikhomsangtonenglamtakhong 5,นางเปรมสุดา ฉายแสง,อนุบาล-ประถมศึกษา,,หมู่ 6 ซับสวอง,ขนงพระ,ปากช่อง,นครราชสีมา,30130,chatchai_nikom5@hotmail.com,,ขนงพระ,044-430015,-,18 มิถุนายน 2518,46,20,ขนาดกลาง,มีไฟฟ้า,11,173,8,28 มิถุนายน 2562 เวลา 21:00:55 น.
113,1030200773,30040125,200773,บ้านหนองตะกู,Bannongtagu,นางปรียานันท์ ธีร์ธวัชสมบัติ,อนุบาล-ประถมศึกษา,,หมู่ 8 หนองตะกู,ขนงพระ,ปากช่อง,นครราชสีมา,30130,tetawat.09@gmail.com,data.bopp-obec.info/web/?School_ID=1030200773,ขนงพระ,858565405,-,30 พ.ย. 2442,50,24,ขนาดกลาง,มีไฟฟ้า,12,142,8,13 กุมภาพันธ์ 2563 เวลา 14:19:35 น.
114,1030200760,30040126,200760,ขนงพระใต้,khanongpratai,นายชาติชาย ศรีสังวาลย์,อนุบาล-มัธยมศึกษาตอนต้น,,หมู่ 2 ขนงพระใต้,ขนงพระ,ปากช่อง,นครราชสีมา,30450,khanongpratai@gmail.com,-,ขนงพระ,086 - 5819022,-,1 มีนาคม 2480,45,15,ขนาดกลาง,มีไฟฟ้า,27,466,22,20 ธันวาคม 2562 เวลา 11:01:02 น.
115,1030200783,30040128,200783,บ้านเขาจันทน์หอม,BANKHAOJANHOM,-,อนุบาล-ประถมศึกษา,,หมู่ 9 เขาจันทน์หอม,ขนงพระ,ปากช่อง,นครราชสีมา,30450,-,-,ขนงพระ,-,-,พ.ศ. 2523,65,34,ขนาดเล็ก,มีไฟฟ้า,7,112,8,27 มิถุนายน 2562 เวลา 11:10:49 น.
116,1030200818,30040129,200818,วัดขนงพระเหนือ,WadKhanongpranua,นางสาวฐิตินัน ปะวันทะกัง,อนุบาล-ประถมศึกษา,,หมู่ 1 ขนงพระเหนือ,ขนงพระ,ปากช่อง,นครราชสีมา,30130,pranua_school55@hotmail.com,www. Khanongpranua.ac.th,ขนงพระ,044-982519,044-982520,1 สิงหาคม พ.ศ. 2490,53,18,ขนาดเล็ก,มีไฟฟ้า,9,104,8,17 ตุลาคม 2562 เวลา 09:56:29 น.
117,1030200772,30040130,200772,บ้านซับเศรษฐี,Bansubsettee,นายวินัย ใบโพธิ์,อนุบาล-มัธยมศึกษาตอนต้น,,หมู่ 1 ซับเศรษฐี,คลองม่วง,ปากช่อง,นครราชสีมา,30130,prissana.nan.2529@gmail.com,www.subsetteeschool.net,คลองม่วง,840365378,840365378,20/11/2509,57,30,ขนาดกลาง,มีไฟฟ้า,17,235,12,22 มกราคม 2563 เวลา 14:03:15 น.
118,1030200781,30040131,200781,นิคมสร้างตนเองลำตะคอง 4,Nikomsangtonenglamtakong 4,นางสาวโชติกา ภิญโญ,อนุบาล-มัธยมศึกษาตอนต้น,,หมู่ 5 ซับพลู,คลองม่วง,ปากช่อง,นครราชสีมา,30130,-,-,คลองม่วง,044-430014,-,14 พฤษภาคม 2514,55,25,ขนาดกลาง,มีไฟฟ้า,19,263,11,01 กรกฎาคม 2560 เวลา 15:59:24 น.
119,1030200787,30040132,200787,บ้านหนองหมาก,Bangnongmak,นางศันสนีย์ พิมแพง,อนุบาล-มัธยมศึกษาตอนต้น,,หมู่ 2 หนองหมาก,คลองม่วง,ปากช่อง,นครราชสีมา,30130,-,-,คลองม่วง,044-082399,-,1 ธันวาคม 2517,75,35,ขนาดกลาง,มีไฟฟ้า,21,237,12,31 พฤษภาคม 2561 เวลา 16:10:44 น.
120,1030200789,30040133,200789,วันอาสาพัฒนา 2520,wanasaphatthana 2520,นายบุญลอง คนรู้,อนุบาล-มัธยมศึกษาตอนต้น,,หมู่ 4 คลองม่วง,คลองม่วง,ปากช่อง,นครราชสีมา,30130,operatorschool@gmail.com,-,คลองม่วง,-,-,15 มีนาคม 2520,65,35,ขนาดกลาง,มีไฟฟ้า,29,515,17,11 พฤศจิกายน 2562 เวลา 09:50:41 น.
121,1030200794,30040134,200794,บ้านโป่งวัวแดง,Pong wua Deang School,นางสาววิชุดา ภักดี,อนุบาล-ประถมศึกษา,,หมู่ 6 โป่งวัวแดง,คลองม่วง,ปากช่อง,นครราชสีมา,30130,chertamamam@gmail.com,,คลองม่วง,044-430107,,2519,80,45,ขนาดเล็ก,มีไฟฟ้า,6,88,9,27 มิถุนายน 2562 เวลา 18:23:56 น.
122,1030200796,30040135,200796,บ้านวังสีสด,http://data.bopp-obec.info/web/?School_ID=1030200796,นายสมชาย ศิริมาลัยรักษ์,อนุบาล-ประถมศึกษา,,หมู่ 3 วังสีสด,ปากช่อง,ปากช่อง,นครราชสีมา,30130,-,-,คลองม่วง,044-430129,-,22/ 05/2516,50,35,ขนาดเล็ก,มีไฟฟ้า,7,120,9,25 พฤศจิกายน 2562 เวลา 13:55:20 น.
123,1030200757,30040136,200757,บ้านหนองไข่น้ำ(ลำพญากลาง),bannongkhainam(lampayaklang),นางสาวโสภา ศรีพนม,อนุบาล-ประถมศึกษา,,หมู่ 6 หนองไข่น้ำ,จันทึก,ปากช่อง,นครราชสีมา,30130,-,-,จันทึก,810720158,-,11 พฤษภาคม 2514,60,20,ขนาดกลาง,มีไฟฟ้า,10,198,8,05 พฤศจิกายน 2562 เวลา 14:05:03 น.
124,1030200758,30040137,200758,บ้านหนองตอ,Bannongtor,นางสาวขนิษฐา เลิศไพรัตน์,อนุบาล-ประถมศึกษา,,หมู่ 8 หนองตอ,จันทึก,ปากช่อง,นครราชสีมา,30130,nongtor@korat-ed4.com,-,จันทึก,044-430387,-,พ.ศ.2513,65,26,ขนาดเล็ก,มีไฟฟ้า,8,86,9,10 มิถุนายน 2562 เวลา 15:51:36 น.
125,1030200759,30040138,200759,เสนารัฐวิทยาคาร,SENARATHWITTAYAKARN,นายมานะ กอสูงเนิน,อนุบาล-มัธยมศึกษาตอนต้น,,หมู่ 4 ซับม่วง,จันทึก,ปากช่อง,นครราชสีมา,30130,Senarath@Korat-ed4.com,-,จันทึก,918291221,-,9 มิถุนายน 2482,35,8,ขนาดกลาง,มีไฟฟ้า,22,371,12,30 ตุลาคม 2560 เวลา 07:58:29 น.
126,1030200753,30040139,200753,บ้านป่าไผ่,BANPAPHAI,นายปุณณรัตน์ ธำรงพัฒนารักษ์,อนุบาล-ประถมศึกษา,,หมู่ 1 ป่าไผ่,จันทึก,ปากช่อง,นครราชสีมา,30130,,-,จันทึก,044-249302,-,12 พ.ย. 2513,48,10,ขนาดเล็ก,มีไฟฟ้า,10,85,8,10 พฤษภาคม 2562 เวลา 09:54:06 น.
127,1030200754,30040140,200754,บ้านสอยดาว,BANSOIDAO,นางธัญรดี เบ็ญจวิไลกุล,อนุบาล-ประถมศึกษา,,หมู่ 5 สอยดาว,จันทึก,ปากช่อง,นครราชสีมา,30130,soidao_045@hotmail.com,-,จันทึก,044-082141,-,12 ก.ค. 2509,57,17,ขนาดกลาง,มีไฟฟ้า,13,142,8,07 พฤศจิกายน 2562 เวลา 11:59:00 น.
128,1030200755,30040141,200755,บ้านสายชนวน,BANSAYCHANUAN,นายกรวิษณ์ ด่านกระโทก,อนุบาล-ประถมศึกษา,,หมู่ 7 บ้านสายชนวน,จันทึก,ปากช่อง,นครราชสีมา,30130,ิbansaychanuan.school@gmail.com,-,อบต.จันทึก,044-082402,-,26-05-2502,60,25,ขนาดเล็ก,มีไฟฟ้า,7,70,9,21 ตุลาคม 2562 เวลา 17:29:51 น.
129,1030200756,30040142,200756,บ้านหนองกะทุ่ม,BANNONGKATHOOM,นายสัจจา กอบัวแก้ว,อนุบาล-มัธยมศึกษาตอนต้น,,หมู่ 2 บ้านท่าหีบ,จันทึก,ปากช่อง,นครราชสีมา,30130,phai_thoon2@hotmail.com,www.nongkatoom.com,จันทึก,44249303,44249303,18 สิงหาคม 2481,54,17,ขนาดกลาง,มีไฟฟ้า,19,301,11,28 พฤษภาคม 2560 เวลา 14:11:24 น.
130,1030200774,30040143,200774,บ้านปากช่อง(คุรุสามัคคี 1),Banpakchong(Kurusamakkee1),นายอำนวย จงนบกลาง,อนุบาล-มัธยมศึกษาตอนต้น,,หมู่ - ชุมชนคุรุสามัคคี,ปากช่อง,ปากช่อง,นครราชสีมา,30130,info@banpakchong.ac.th,www.banpakchong.ac.th,เทศบาลปากช่อง,44311821,44311821,พ.ศ.2495,35.6,1,ขนาดใหญ่,มีไฟฟ้า,38,806,23,08 กรกฎาคม 2560 เวลา 09:41:44 น.
131,1030200775,30040144,200775,บ้านปางแก(สภาประชานุกูล),BANPANGKAE,นายสมพล ทองตัน,อนุบาล-มัธยมศึกษาตอนต้น,,หมู่ 29 ปางแก,ปากช่อง,ปากช่อง,นครราชสีมา,30130,ppp30130@gmail.com,www.pangkaesapa.com,เทศบาลปากช่อง,044-311566,44311566,28 เมษายน 2498,45,7,ขนาดกลาง,มีไฟฟ้า,17,248,12,14 มิถุนายน 2562 เวลา 10:35:28 น.
132,1030200776,30040145,200776,บ้านลำทองหลาง,Banlamthonglang,นางสุภี สุภานันท์,อนุบาล-ประถมศึกษา,,หมู่ 7 ลำทองหลาง,ปากช่อง,ปากช่อง,นครราชสีมา,30130,lumtonglang@Korat-ed4.com,https://www.lamtholang.com,ปากช่อง,044-430124,044-430124,พ.ศ. 2505,65,20,ขนาดกลาง,มีไฟฟ้า,12,136,8,13 กรกฎาคม 2561 เวลา 15:02:46 น.
133,1030200778,30040147,200778,บ้านหนองตาแก้ว,bannhongtakaew,นายอุทร นิยมชาติ,อนุบาล-มัธยมศึกษาตอนต้น,,หมู่ 8 หนองตาแก้ว,ปากช่อง,ปากช่อง,นครราชสีมา,30130,kampoonaja@hotmail.com,-,ปากช่อง,-,-,13 มกราคม 2514,49,11,ขนาดกลาง,มีไฟฟ้า,17,217,11,12 ตุลาคม 2562 เวลา 09:58:37 น.
134,1030200779,30040148,200779,บ้านหนองมะค่า (ทองศรีสงเคราะห์),BANNONGMAKHA,นายทรงพล ฐานวิสัย,อนุบาล-มัธยมศึกษาตอนต้น,,หมู่ 5 หนองมะค่า,ปากช่อง,ปากช่อง,นครราชสีมา,30130,bannongmakha_school@hotmail.com,www.nmkschool.info,ปากช่อง,044-318009,44318009,13 กุมภาพันธ์ 2504,40,12,ขนาดใหญ่,มีไฟฟ้า,38,686,22,28 พฤษภาคม 2562 เวลา 13:17:01 น.
135,1030200780,30040149,200780,บ้านหนองอีเหลอ,Bannongelor,นายกฤษณะ โดดจันทึก,อนุบาล-ประถมศึกษา,,หมู่ 6 หนองอีเหลอ,ปากช่อง,ปากช่อง,นครราชสีมา,30130,joysira@gmail.com,-,ปากช่อง,044-430205,-,2505,50,13,ขนาดเล็ก,มีไฟฟ้า,9,106,9,28 ตุลาคม 2562 เวลา 09:44:19 น.
136,1030200761,30040150,200761,เติมแสงไขปากช่องวิทยา,Termsangkhai pakchongwittaya,นายปราโมทย์ เนื่องฤทธิ์,อนุบาล-มัธยมศึกษาตอนต้น,,หมู่ 0 เทศบาลเมืองปากช่อง,ปากช่อง,ปากช่อง,นครราชสีมา,30130,termsangkhai@thaimail.com,termsangkhai.com,เทศบาลปากช่อง,044-311326,44311326,17 พฤษภาคม 2498,40,3,ขนาดใหญ่,มีไฟฟ้า,48,969,34,10 พฤษภาคม 2562 เวลา 09:59:56 น.
137,1030200763,30040151,200763,บ้านซับน้ำเย็น,subnamyen,-,อนุบาล-ประถมศึกษา,,หมู่ 14 ซับน้ำเย็น,ปากช่อง,ปากช่อง,นครราชสีมา,30130,subnamyen@gmail.com,,ปากช่อง,044-430389,-,พ.ศ.2524,50,15,ขนาดเล็ก,มีไฟฟ้า,7,61,9,10 ตุลาคม 2562 เวลา 11:15:31 น.
138,1030200766,30040152,200766,วัดบันไดม้า,Watbundaima,นางสาวกิ่งกาญจน์ เสาวลักษณ์,อนุบาล-ประถมศึกษา,,หมู่ 4 บันไดม้า,ปากช่อง,ปากช่อง,นครราชสีมา,30130,watbundaima@gmail.com,-,ปากช่อง,044-430232,-,21 กรกฎาคม 2501,47,10,ขนาดเล็ก,มีไฟฟ้า,9,88,8,09 มิถุนายน 2560 เวลา 14:57:45 น.
139,1030200801,30040153,200801,บ้านโป่งตาลอง,Banpongtalong,นางสาวพงศ์ลัดดา คมพยัคฆ์,อนุบาล-ประถมศึกษา,,หมู่ 1 โป่งตาลอง,โป่งตาลอง,ปากช่อง,นครราชสีมา,30450,pongtalong@pakchong.com,-,โป่งตาลอง,971176110,-,11 พ.ค. 2514,80,50,ขนาดกลาง,มีไฟฟ้า,13,151,9,10 พฤษภาคม 2562 เวลา 10:00:54 น.
140,1030200802,30040154,200802,บ้านหนองคุ้มวิทยา,Bannongkumwittaya school,นายบุญหลาย ทองศรี,อนุบาล-ประถมศึกษา,,หมู่ 2 หนองคุ้ม,ปากช่อง,ปากช่อง,นครราชสีมา,30130,ิbannongkhum@gmail.com,-,โป่งตาลอง,044-082413,-,9 มิถุนายน 2518,87,54,ขนาดเล็ก,มีไฟฟ้า,11,121,8,24 กุมภาพันธ์ 2563 เวลา 11:41:40 น.
141,1030200803,30040155,200803,บ้านหนองจอก,Bannongchok school,-,อนุบาล-ประถมศึกษา,,หมู่ 6 หนองจอก,โป่งตาลอง,ปากช่อง,นครราชสีมา,30130,Krumalai23@hotmail.com,-,โป่งตาลอง,044-430619,-,พ.ศ. 2516,75,45,ขนาดเล็ก,มีไฟฟ้า,10,97,9,21 ตุลาคม 2562 เวลา 14:52:10 น.
142,1030200804,30040156,200804,บ้านหนองซ่อมตะเคียนงาม,Nongzomtakianngam,นายบัณฑิต วงศ์อามาตย์,อนุบาล-มัธยมศึกษาตอนต้น,,หมู่ 5 หนองซ่อม,โป่งตาลอง,ปากช่อง,นครราชสีมา,30450,nongzomschool@gmail.com,-,โป่งตาลอง,-,-,7 พ.ค. 2523,92,60,ขนาดกลาง,มีไฟฟ้า,19,296,11,14 มิถุนายน 2561 เวลา 10:08:22 น.
143,1030200805,30040157,200805,สระน้ำใสวิทยา,SANAMSAIWITTAYA,-,อนุบาล-ประถมศึกษา,,หมู่ 7 สระน้ำใส,โป่งตาลอง,ปากช่อง,นครราชสีมา,30450,sanamsai.ed@gmail.com,www.sanamsai.com,โป่งตาลอง,-,-,พ.ศ. 2514,70,35,ขนาดเล็ก,มีไฟฟ้า,8,75,9,22 ตุลาคม 2562 เวลา 16:43:01 น.
144,1030200750,30040158,200750,ผ่านศึกสงเคราะห์,pansueksongkroa,นายยงยุทธ เพ็งตะคุ,อนุบาล-ประถมศึกษา,,หมู่ 3 บ้านหนองยาง,พญาเย็น,ปากช่อง,นครราชสีมา,30320,pastwarschool@gmail.com,www.pansuek.com,พญาเย็น,08-85944270,-,2506,70,30,ขนาดเล็ก,มีไฟฟ้า,10,67,8,02 กรกฎาคม 2560 เวลา 04:50:36 น.
145,1030200744,30040159,200744,บ้านซับใต้,Bansubtai,-,อนุบาล-ประถมศึกษา,,หมู่ 6 ซับใต้,พญาเย็น,ปากช่อง,นครราชสีมา,30320,subtai020@chaiyo.com,,พญาเย็น,44082414,-,18 กันยายน 2518,98,44,ขนาดเล็ก,มีไฟฟ้า,6,61,8,29 มิถุนายน 2562 เวลา 21:52:34 น.
146,1030200745,30040160,200745,บ้านโนนกระโดน,bannonkradon,นายวิโรจน์ ดวนสันเทียะ,อนุบาล-ประถมศึกษา,,หมู่ 13 พญาเย็น,พญาเย็น,ปากช่อง,นครราชสีมา,30320,bannonkradon@hotmail.com,www.bannonkradon.com,พญาเย็น,044-430393,-,14 พฤศจิกายน 2504,78,33,ขนาดกลาง,มีไฟฟ้า,12,125,8,10 พฤษภาคม 2562 เวลา 10:02:21 น.
147,1030200746,30040161,200746,บ้านโศกน้อย,BANSOKENOI,นางสาวรัชนี โสพันธ์,อนุบาล-ประถมศึกษา,,หมู่ 5 วังเพิ่ม,พญาเย็น,ปากช่อง,นครราชสีมา,30320,bansokenoi-@hotmail.com,,พญาเย็น,093-3262688,-,14 พฤษภาคม 2514,85,40,ขนาดเล็ก,มีไฟฟ้า,8,40,8,25 มิถุนายน 2562 เวลา 15:06:53 น.
148,1030200747,30040162,200747,บ้านหัวป้าง,Banhuapang,นายปรีชารัตน์ รินทระ,อนุบาล-ประถมศึกษา,,หมู่ 2 บ้านหัวป้าง,พญาเย็น,ปากช่อง,นครราชสีมา,30320,bhpkorat4@gmail.com,http://www.banhuapang.com/,พญาเย็น,36342650,36342650,ปี 2506,84,37,ขนาดกลาง,มีไฟฟ้า,12,152,8,14 มิถุนายน 2561 เวลา 14:38:06 น.
149,1030200782,30040163,200782,บ้านเขาแก้ว,Ban Khaokaew School,นางสาวอภิรดา นาที,อนุบาล-ประถมศึกษา,,หมู่ 10 เขาแก้ว,วังกะทะ,ปากช่อง,นครราชสีมา,30130,ban-kaokaew@hotmail.com,www.facebook.com/ban.kaokaew,วังกะทะ,885819595,-,23 พฤษภาคม 2523,85,60,ขนาดเล็ก,มีไฟฟ้า,8,64,9,28 มิถุนายน 2562 เวลา 10:26:02 น.
150,1030200784,30040164,200784,บ้านคลองมะค่าหิน,banklongmakahin,นางสาวโชติมณี ดือขุนทด,อนุบาล-ประถมศึกษา,,หมู่ 3 คลองมะค่าหิน,วังกะทะ,ปากช่อง,นครราชสีมา,30130,klongmakahin@sanook.com,,วังกะทะ,044-430396,-,พ.ศ.2527,80,40,ขนาดเล็ก,มีไฟฟ้า,7,51,9,29 มิถุนายน 2562 เวลา 08:16:56 น.
151,1030200785,30040165,200785,บ้านวังกะทะ,Banwangkatha,นางพิกุล อ่อนปุย,อนุบาล-ประถมศึกษา,,หมู่ 4 วังกะทะ,วังกะทะ,ปากช่อง,นครราชสีมา,30130,-,http://data.bopp-obec.info/emis/editschooldata.php,วังกะทะ,-,-,20/05/2516,65,45,ขนาดเล็ก,มีไฟฟ้า,6,49,8,02 พฤษภาคม 2562 เวลา 09:50:12 น.
152,1030200786,30040166,200786,บ้านหนองขวางวิทยา,Bannongkhwangwithaya,นางสาวละมัย พรหมศร,อนุบาล-มัธยมศึกษาตอนต้น,,หมู่ 5 หนองขวาง,วังกะทะ,ปากช่อง,นครราชสีมา,30130,bannongkhwangwithaya@gmail.com,-,วังกะทะ,081-7605515,-,15 พฤษภาคม 2515,70,36,ขนาดกลาง,มีไฟฟ้า,22,297,12,30 ธันวาคม 2562 เวลา 09:32:07 น.
153,1030200788,30040167,200788,ประชารัฐวิทยา,Pracharatwittaya,นายรังสัน สุขประเสริฐ,อนุบาล-มัธยมศึกษาตอนต้น,,หมู่ 9 วังกะโล่,วังกะทะ,ปากช่อง,นครราชสีมา,30130,pracharat.pakchong@gmail.com,,วังกะทะ,044-430394,-,2518,90,54,ขนาดเล็ก,มีไฟฟ้า,10,77,12,10 พฤษภาคม 2562 เวลา 10:16:17 น.
154,1030200790,30040168,200790,บ้านป่ากล้วย,Banpakluay,นายเธียรวิชญ์ ทับที,อนุบาล-ประถมศึกษา,,หมู่ 18 ป่ากล้วย,วังกะทะ,ปากช่อง,นครราชสีมา,30130,liverpoolfc_fon@hotmail.com,-,วังกะทะ,086-0343870,-,16 พฤษภาคม 2536,103,65,ขนาดกลาง,มีไฟฟ้า,14,134,9,03 กุมภาพันธ์ 2563 เวลา 11:17:30 น.
155,1030200791,30040169,200791,บ้านกุดโง้ง,Bangudngong,นางจิราพร วลสันเทียะ,อนุบาล-ประถมศึกษา,,หมู่ 7 กุดโง้ง,วังไทร,ปากช่อง,นครราชสีมา,30130,-,https://data.bopp-obec.info/web/?School_ID=1030200791,วังไทร,933294638,-,12/11/2526,45,35,ขนาดเล็ก,มีไฟฟ้า,7,58,8,19 กุมภาพันธ์ 2563 เวลา 16:16:28 น.
156,1030200792,30040170,200792,บ้านซับน้อย,BANSUBNOI,นายเพียรชัย อุ่นศิริ,อนุบาล-ประถมศึกษา,,หมู่ 3 ซับน้อย,วังไทร,ปากช่อง,นครราชสีมา,30130,-,-http://data.bopp-obec.info/web/index.php?School_ID=1030200792,วังไทร,956051015,-,21/4/2508,35,20,ขนาดกลาง,มีไฟฟ้า,13,186,8,19 สิงหาคม 2562 เวลา 22:05:58 น.
157,1030200795,30040171,200795,บ้านวังไทร,Ban Wangsai School,นายภควัต อยู่พร้อม,อนุบาล-มัธยมศึกษาตอนต้น,,หมู่ 2 บ้านวังไทร,วังไทร,ปากช่อง,นครราชสีมา,30130,wangsaischool@gmail.com,banwangsaischool.com,วังไทร,,,16 มิถุนายน 2506,40,30,ขนาดกลาง,มีไฟฟ้า,25,417,15,10 มิถุนายน 2562 เวลา 13:26:56 น.
158,1030200770,30040172,200770,นิคมสร้างตนเองลำตะคอง 2,NIKOMSANGTONENGLUMTHAKHONG2,นายภาณุกฤษฏิ์ พิศิษฎ์สกุลชัย,อนุบาล-ประถมศึกษา,,หมู่ 4 หนองแก,วังไทร,ปากช่อง,นครราชสีมา,30130,phanukritph@eisth.org,-,วังไทร,841107011,-,13 มิถุนายน 2512,50,15,ขนาดเล็ก,มีไฟฟ้า,5,86,8,03 ธันวาคม 2562 เวลา 13:26:12 น.
159,1030200797,30040173,200797,บ้านหินดาด,Banhindad,นางอภิญญา เกษมพร,อนุบาล-ประถมศึกษา,,หมู่ 5 หินดาด,วังไทร,ปากช่อง,นครราชสีมา,30130,schoolbanhindat@gmail.com,-,วังไทร,065-3589796,-,1 พ.ค. 2517,64,30,ขนาดกลาง,มีไฟฟ้า,10,169,8,21 พฤษภาคม 2562 เวลา 13:12:01 น.
160,1030200798,30040174,200798,บ้านหินเพิง,Banhinpoeng,นายมงคล พวงมาลี,อนุบาล-ประถมศึกษา,,หมู่ 1 หินเพิง,วังไทร,ปากช่อง,นครราชสีมา,30130,hinpoeng@korat-ed4.com,-,วังไทร,044-756603,044-756603,10 ตุลาคม 2510,30,20,ขนาดกลาง,มีไฟฟ้า,14,223,8,06 พฤศจิกายน 2562 เวลา 11:21:45 น.
161,1030200762,30040175,200762,บ้านเขาวง,Bankhaowong,นางสาวสุทธิชา จันทะโคตร,อนุบาล-ประถมศึกษา,,หมู่ 3 เขาวง,หนองน้ำแดง,ปากช่อง,นครราชสีมา,30130,manit9805@hotmail.com,www.bankhaowong.com,หนองน้ำแดง,044-430033,-,9 กรกฎาคม 2513,56,25,ขนาดกลาง,มีไฟฟ้า,13,202,8,14 มิถุนายน 2562 เวลา 09:44:59 น.
162,1030200816,30040176,200816,บ้านโป่งกะสัง,BANPONGKASANG,นายคำรื่น ทองเหลื่อม,อนุบาล-ประถมศึกษา,,หมู่ 6 โป่งกะสัง,หนองน้ำแดง,ปากช่อง,นครราชสีมา,30130,pongkasang@gmail.com,http://school.obec.go.t,หนองน้ำแดง,044-365547,44365547,12 กุมภาพันธ์ 2514,48,13,ขนาดเล็ก,มีไฟฟ้า,8,93,8,31 ตุลาคม 2562 เวลา 13:58:40 น.
163,1030200764,30040177,200764,บ้านนา(ประสิทธิ์วิทยาคาร),Banna(Prasitvittayakarn),นายวรเศรษฐ์ อรรถรวีวัฒน์,อนุบาล-มัธยมศึกษาตอนต้น,,หมู่ 4 บ้านนา,หนองน้ำแดง,ปากช่อง,นครราชสีมา,30130,-,banna-kr4.com,หนองน้ำแดง,044-365012,44365012,21 พฤษภาคม 2483,44.6,12.3,ขนาดกลาง,มีไฟฟ้า,23,383,18,02 กันยายน 2560 เวลา 12:13:40 น.
164,1030200767,30040178,200767,วัดวชิราลงกรณวราราม,Wadwachiralongkornwararam,นางอาทร ด่านกระโทก,อนุบาล-ประถมศึกษา,,หมู่ 1 หนองน้ำแดง,หนองน้ำแดง,ปากช่อง,นครราชสีมา,30130,wadwachira@yahoo.com,http://www.school.obec.,หนองน้ำแดง,044-328568,,18 พฤษภาคม 2504,55,10,ขนาดกลาง,มีไฟฟ้า,15,346,10,27 มิถุนายน 2560 เวลา 11:55:27 น.
165,1030200806,30040179,200806,ไตรรัตน์วิทยาคาร,Triratwitayakarn,นายสุวันชัย ปานอุบล,อนุบาล-มัธยมศึกษาตอนต้น,,หมู่ 4 หนองคู,หนองสาหร่าย,ปากช่อง,นครราชสีมา,30130,-,data.bopp-obec.info/web/?School_ID=1030200806,หนองสาหร่าย,044-390066,-,2505,45,15,ขนาดกลาง,มีไฟฟ้า,33,524,23,10 พฤษภาคม 2562 เวลา 10:02:53 น.
166,1030200807,30040180,200807,บ้านคลองยาง,BANKLONGYANG,นายผ่อน วงศ์อินทร์,อนุบาล-มัธยมศึกษาตอนต้น,,หมู่ 17 หัวสนาม,หนองสาหร่าย,ปากช่อง,นครราชสีมา,30130,klongylong,School-Korat4.go.th/Klongyang.,หนองสาหร่าย,449933769,-,5/6/2505,45,12,ขนาดใหญ่,มีไฟฟ้า,31,636,24,14 มิถุนายน 2562 เวลา 08:23:28 น.
167,1030200808,30040181,200808,บ้านซับหวาย,Bansubwai,นางมาลัยรัตน์ บุญกระจ่าง,อนุบาล-ประถมศึกษา,,หมู่ 18 หลักเขต,หนองสาหร่าย,ปากช่อง,นครราชสีมา,30130,subwai188@gmail.com,-,หนองสาหร่าย,081-0749052,-,11/10/2514,40,20,ขนาดเล็ก,มีไฟฟ้า,10,101,8,14 มิถุนายน 2561 เวลา 22:45:08 น.
168,1030200809,30040182,200809,บ้านท่ามะนาว,bantamanao,นายวิจิตร ไพรวิจารย์,อนุบาล-ประถมศึกษา,,หมู่ 10 ท่ามะนาว,หนองสาหร่าย,ปากช่อง,นครราชสีมา,30130,vichit1015@gmail.com,,หนองสาหร่าย,044-313057,044-313057,9 พฤษภาคม 2511,40,2,ขนาดเล็ก,มีไฟฟ้า,7,67,9,22 พฤษภาคม 2562 เวลา 12:07:06 น.
169,1030200810,30040183,200810,บ้านท่าเลื่อนสามัคคี(คส.๕อุปถัมภ์,Banthaluansamukkee(Kroso5upatham),นางสาวทัตพิชา ปัจจังคะโต,อนุบาล-มัธยมศึกษาตอนต้น,,หมู่ - บ้านท่าเลื่อน,หนองสาหร่าย,ปากช่อง,นครราชสีมา,30130,dv975@hotmail.com,sites.google.com/view/thalaun-ks5,เทศบาลเมืองปากช่อง,044-311684,-,1มิ.ย.2454,25,5,ขนาดกลาง,มีไฟฟ้า,16,195,11,17 ตุลาคม 2562 เวลา 19:38:43 น.
170,1030200811,30040184,200811,บ้านหนองสาหร่าย,Bannongsarai,นายสุพรรณ แน่นดี,อนุบาล-ประถมศึกษา,,หมู่ 0 หนองสาหร่าย,หนองสาหร่าย,ปากช่อง,นครราชสีมา,30130,-,-,เทศบาลเมืองปากช่อง,044-311330,044-311330,15 พฤษภาคม 2483,38,2,ขนาดกลาง,มีไฟฟ้า,26,407,17,14 พฤษภาคม 2562 เวลา 10:47:26 น.
171,1030200768,30040185,200768,นิคมชลประทานสงเคราะห์,nikomcholphatansongkhor,ว่าที่ ร.ต.ปรีชา พุ่มลำเจียก,อนุบาล-ประถมศึกษา,,หมู่ 11 บ้านซับยาง,หนองสาหร่าย,ปากช่อง,นครราชสีมา,30130,nikomchol_2512@hotmail.com,-,หนองสาหร่าย,044-430010,-,24 พฤษภาคม 2512,60,25,ขนาดเล็ก,มีไฟฟ้า,9,101,8,25 พฤษภาคม 2560 เวลา 11:00:39 น.
172,1030200769,30040186,200769,นิคมสร้างตนเองลำตะคอง 1,Nikomsrangtonenglamtakong 1,นายนคร ขันธสม,อนุบาล-ประถมศึกษา,,หมู่ 21 เฉลิมราษฎร์,หนองสาหร่าย,ปากช่อง,นครราชสีมา,30130,nikom1@korat-ed4.com,www.korat-ed4.com,หนองสาหร่าย,044-430012,-,2525,42,15,ขนาดกลาง,มีไฟฟ้า,21,262,12,10 พฤษภาคม 2562 เวลา 10:02:20 น.
173,1030200793,30040187,200793,บ้านบ่อทอง,Banboothong,นายธุวนนท์ บาลโพธิ์,อนุบาล-ประถมศึกษา,,หมู่ 15 บ่อทอง,หนองสาหร่าย,ปากช่อง,นครราชสีมา,30130,-,data.bopp-obec.info/web/index_view.php?School_ID=1030200793&page=info,หนองสาหร่าย,044-436104,-,25 พฤศจิกายน 2520,35,15,ขนาดเล็ก,มีไฟฟ้า,7,80,8,26 มิถุนายน 2562 เวลา 11:15:11 น.
174,1030200812,30040188,200812,บ้านคลองเดื่อ,Banklongdua,นางสาวเจษสุดา รักษาภักดี,อนุบาล-ประถมศึกษา,,หมู่ 6 คลองเดื่อ,หมูสี,ปากช่อง,นครราชสีมา,30130,klongdua_s@hotmail.com,-,หมูสี,044-929874,044-929874,14 มิถุนายน 2507,76,40,ขนาดเล็ก,มีไฟฟ้า,9,114,8,19 พฤศจิกายน 2562 เวลา 18:44:32 น.
175,1030200813,30040189,200813,บ้านคลองเสือ,Banklongsua,-,อนุบาล-ประถมศึกษา,,หมู่ 15 คลองเสือ,หมูสี,ปากช่อง,นครราชสีมา,30130,-,http:/www.obec.go.th.ba,เทศบาลตำบลหมูสี,44082430,-,2514,58,26,ขนาดเล็ก,มีไฟฟ้า,8,84,8,10 พฤษภาคม 2562 เวลา 10:03:28 น.
176,1030200814,30040190,200814,บ้านท่าช้าง,Bantachang,นายชนะวงศ์ บุญสูงเนิน,อนุบาล-ประถมศึกษา,,หมู่ 16 ท่าช้างเหนือ,หมูสี,ปากช่อง,นครราชสีมา,30130,tachangyai@obec.go.th,www.bantachang.com,หมูสี,044-003934,044-003934,15 พฤษภาคม 2482,57,18.9,ขนาดใหญ่,มีไฟฟ้า,48,1006,36,08 พฤศจิกายน 2562 เวลา 09:42:23 น.
177,1030200815,30040191,200815,บ้านปรางคล้า,Panprangkla,นางมาลัย มูลภักดี,อนุบาล-ประถมศึกษา,,หมู่ 5 กุดคล้า,หมูสี,ปากช่อง,นครราชสีมา,30450,Prangkla10@gmail.com,-,หมูสี,-,-,24 พฤษภาคม 2516,63,27,ขนาดกลาง,มีไฟฟ้า,11,171,9,08 พฤศจิกายน 2560 เวลา 07:58:06 น.
178,1030200817,30040192,200817,บ้านหมูสี,BANMOOSI,นางวัชรี ด่านกระโทก,อนุบาล-มัธยมศึกษาตอนต้น,,หมู่ 4 หมูสี,หมูสี,ปากช่อง,นครราชสีมา,30130,banmoosi @ yahoo.com,www.banmoosi.ac.th,หมูสี,044-430207,44430207,4 เมษายน 2465,65,23,ขนาดกลาง,มีไฟฟ้า,16,182,12,28 มิถุนายน 2560 เวลา 16:08:47 น.
179,1030200799,30040193,200799,บ้านคลองดินดำ,BAN KLONG DIN DAM,นางรัตนา พงษ์สุวรรณ,อนุบาล-ประถมศึกษา,,หมู่ 8 คลองดินดำ,หมูสี,ปากช่อง,นครราชสีมา,30450,bkdd2552@gmail.com,school.korat4.go.th/klongdindam,หมูสี,044-082429,-,6 มิถุนายน 2512,67,31,ขนาดเล็ก,มีไฟฟ้า,11,102,8,14 ตุลาคม 2562 เวลา 14:24:40 น.
180,1030200800,30040194,200800,บ้านบุ่งเตย,Banbungtoei,นางพิมลวรรณ นาคจันทึก,อนุบาล-ประถมศึกษา,,หมู่ 1 บุ่งเตย,หมูสี,ปากช่อง,นครราชสีมา,30130,banbungtoei.school@gmail.com,โรงเรียนบ้านบุ่งเตย,หมูสี,044-082431,-,28/06/2508,60,25,ขนาดเล็ก,มีไฟฟ้า,8,79,9,14 พฤษภาคม 2562 เวลา 11:21:33 น.
